序号,链接,节点数
0,https://fastestcloud.xyz/api/v1/client/subscribe?token=c0a4aafbde9d90c05d1aebf0b2440778,0
1,https://gitlab.com/colloq168/nodefiltrate/-/raw/main/filtrate?ref_type=heads,29
2,https://nodefree.org/dy/2024/03/20240320.txt,50
3,https://oss.v2rayse.com/proxies/data/2024-03-20/2u1ntze.txt,23
4,https://raw.githubusercontent.com/Alvin9999/pac2/master/clash.meta2/1/config.yaml,0
5,https://raw.githubusercontent.com/Alvin9999/pac2/master/clash.meta2/13/config.yaml,4
6,https://raw.githubusercontent.com/Alvin9999/pac2/master/clash.meta2/15/config.yaml,4
7,https://raw.githubusercontent.com/Alvin9999/pac2/master/clash.meta2/2/config.yaml,4
8,https://raw.githubusercontent.com/Alvin9999/pac2/master/clash.meta2/config.yaml,0
9,https://raw.githubusercontent.com/Huibq/TrojanLinks/master/links/trojan,30
10,https://raw.githubusercontent.com/Huibq/TrojanLinks/master/links/vmess,0
11,https://raw.githubusercontent.com/abshare/abshare.github.io/main/README.md,92
12,https://raw.githubusercontent.com/mksshare/mksshare.github.io/main/README.md,106
13,https://raw.githubusercontent.com/ripaojiedian/freenode/main/clash,22
14,https://raw.githubusercontent.com/ripaojiedian/freenode/main/sub,22
15,https://raw.githubusercontent.com/zhangkaiitugithub/passcro/main/speednodes.yaml,295
16,https://v2rayshare.com/wp-content/uploads/2024/03/20240320.txt,50
17,https://www.ckcloud.xyz/api/v1/client/subscribe?token=528fedb391871a0a9b557c5369781ba9,0
18,https://xn--30rs3bu7r87f.com/api/v1/client/subscribe?token=2b981ee5d0170cb3196bcf7017148807,0
19,dynamic://kkzui,133
20,dynamic://sharkdoor,9

总计,,488
